1,11.82293606,-22.44467545,-4.370653652,-6.410372257,85.5732114,9.250578977,7.154540062,10.23112041,56.32943344,-7.027719975,11.47798954,4.139583111,271.5018605,16.47731351,6.747759581,20.08098863,13.4596262,-2.868994236,3.002067895,2.313859463,10.23936013,3.199900019,1.210768461,4.387684102,-9.434898615,-44.50649738,-15.8486432,-11.32762265,76.18020387,8.728127168,0.923629522,18.09308418,42.86980724,-5.060819387,8.475921648,1.825723648,179.5848309,13.40092649,5.601597726,15.85642074,19.57568121,-1.251446724,7.372721547,8.475377321,41.35074099,6.430454182,6.15433991,9.783034499
1,11.46401405,-38.62255096,-5.64559316,-8.10449028,138.8683481,11.78424152,8.772087097,13.06679265,51.51986313,-9.865608215,13.67514454,7.01575613,306.702837,17.51293342,9.588039875,22.2196403,14.73021603,-0.854237676,3.713008145,2.46221447,13.81885067,3.717371474,2.153540373,5.254072721,-10.7605238,-40.05584908,-19.3207377,-14.81635761,68.91084195,8.301255444,1.732405186,21.02859356,36.91407108,-9.01137054,9.962136392,4.55354166,194.126903,13.93294308,8.080562115,17.12807825,37.76831329,-0.859022617,9.358601305,9.812966347,76.11489927,8.724385323,7.070788622,12.79446434
1,11.66022396,-29.07758141,-2.920548667,-6.798008919,104.6577975,10.23023937,9.195616722,10.63895681,53.16373062,-8.236095428,10.52281823,6.585048199,252.6105821,15.89372776,9.626325607,19.06148697,24.21775627,-2.665604591,7.076392182,3.259024382,55.87492723,7.474953326,3.369094223,10.29321396,-5.058428049,-41.50350666,-13.44336689,-9.40618515,69.50703482,8.33708791,2.634498119,15.81869616,28.94597435,-6.795615464,3.446426047,0.894915581,74.65856362,8.640518713,4.333401561,9.302495155,26.41197681,3.519842386,9.996940848,9.882357597,21.42312987,4.628512706,2.155933738,11.01644027
1,9.253045082,-28.46501923,-4.510089926,-5.386244297,118.3181685,10.87741552,9.772286892,11.775359,52.57509613,-9.79860878,11.73478284,4.864608288,258.3933161,16.07461714,7.422535658,19.9022221,21.52583313,0.040677987,6.467527675,3.079562902,41.01951874,6.404648214,2.282752991,9.102111457,-5.958128452,-43.32205105,-16.24487276,-13.37348628,72.28161173,8.50185931,3.120239019,18.33514393,31.049263,-9.839286767,5.267255161,1.97168541,97.16992073,9.857480445,4.137190819,11.17648861,28.50569721,2.313859463,10.9776176,9.138189793,41.42869689,6.436512789,3.517449141,12.7254385
1,9.533005714,-29.65185738,-4.718646096,-7.479963303,111.2982325,10.54979775,8.872586012,11.55698289,42.3027153,-11.11705494,10.26841787,4.625326157,245.2905109,15.66175312,8.798408508,18.72781131,17.07279015,-0.423529595,4.83143522,3.534198999,21.92366067,4.682270888,2.342572927,6.728032919,-6.833901882,-32.76970959,-14.98706397,-12.08375382,57.34484714,7.572638057,3.058027267,16.79157329,26.62972546,-10.69352534,5.43698265,1.091127157,124.1163481,11.14075168,7.255038261,12.39665795,29.22832778,0.524027824,9.550081317,10.91366339,49.64785877,7.046123669,3.550949275,11.86810482
1,12.53121185,-27.71606445,-5.381784512,-7.786244869,122.6678911,11.07555376,8.520842075,12.31387411,53.26184082,-13.24666691,14.36900857,9.183652878,286.8984398,16.93807663,11.85404325,22.21186276,13.61516094,-1.794616938,4.413724497,3.888336658,15.39498575,3.923644447,2.478964329,5.905586311,-11.26540947,-40.73062897,-19.75079308,-16.63011789,46.01255841,6.783255738,2.275575161,20.88316034,39.64667988,-11.45204997,9.955284072,5.321637154,173.1598812,13.15902281,7.982456231,16.50053218,25.92144752,-0.76091671,9.795509009,10.3848505,55.30176975,7.436515969,5.838487208,12.29852701
1,12.16510963,-34.11686707,-4.398008098,-5.821736813,156.8555064,12.52419684,11.81336498,13.27395878,48.92604446,-7.896315098,15.98465346,10.77488136,276.3193048,16.62285489,9.757931709,23.0614061,21.48994064,-1.031306505,7.74116187,5.682953835,37.89374143,6.155789261,4.201796651,9.890365439,-11.47597822,-36.76093483,-20.38266156,-18.06102514,41.66134603,6.454560096,2.490929127,21.38023008,27.43610382,-7.903493121,8.243491592,3.960121155,113.1898753,10.63907305,5.893521845,13.45901293,33.08556056,3.32363081,12.13916997,9.324831009,49.55287643,7.039380401,4.95314312,14.03254517
1,11.6769743,-27.9218483,-4.400129041,-7.525426865,120.8598158,10.99362614,8.264809608,11.84149278,42.92723465,-8.307880402,11.70867924,7.154539585,260.826482,16.15012328,10.25563765,19.94792349,21.56172371,-0.30388847,5.676699728,3.134597778,25.85592058,5.084871737,1.981256962,7.621078689,-9.365507126,-31.25026035,-16.10880828,-13.38784242,46.64228275,6.829515557,2.574676082,17.49674218,26.53401089,-8.085347652,6.031979514,4.019941807,130.51212,11.42419012,8.023133993,12.91885819,27.61795983,0.181855202,10.07682877,10.33938694,45.60737571,6.753323308,5.481957436,12.13053394
1,13.02174091,-29.80739212,-6.305848913,-7.405786037,131.8447154,11.48236541,7.319644451,13.09994068,49.1557579,-9.116654396,11.25355364,4.673182487,302.6919766,17.3980452,9.765109062,20.72038721,17.57528305,0.507278383,5.692089971,3.369094133,22.02271501,4.692836564,1.387837172,7.377167698,-8.997012138,-36.13401699,-17.55940255,-15.33799291,55.96064886,7.480685053,3.826123476,19.08646816,31.58047485,-10.4446708,5.561463667,1.081556082,166.7844593,12.91450577,7.999205828,14.06109304,30.3146705,2.158325195,11.99793888,11.24148107,56.62377735,7.524877232,5.642274618,14.16242616
1,9.291330338,-29.48436165,-6.050034663,-7.465606689,95.30102097,9.762224182,7.5924263,11.48494407,45.50431061,-8.11166954,10.73034136,2.758924246,271.3170318,16.47170397,6.666403294,19.65851616,14.79242897,-0.323031068,4.798207466,3.206382275,18.73575397,4.328481716,2.36650157,6.462085488,-9.382257581,-37.11028862,-16.78037602,-12.72263765,69.68562094,8.347791381,1.710867167,18.74210875,32.26003742,-7.788638473,5.932133893,-0.275174379,148.7085064,12.19460973,4.292724073,13.56092618,29.16133058,2.222931862,10.84824213,10.80598664,35.69549673,5.97457084,5.039284468,12.38466205
1,10.06899738,-27.54378128,-4.198479202,-6.190232277,87.9296064,9.377078778,8.501698971,10.27408556,42.28835297,-7.03729105,9.810736193,4.125226021,214.7321379,14.65374143,7.917849779,17.63470109,18.01795578,-0.899701357,5.093830002,2.983849764,28.52398386,5.340784948,1.892722726,7.380453099,-6.855437279,-32.21935558,-14.00921539,-10.36092091,48.69480452,6.978166272,1.777866751,15.65097187,24.27039719,-7.118647233,4.716906191,1.141376257,92.88799553,9.63784185,6.10887599,10.73020035,26.64407992,1.237089634,9.292309204,9.198010683,31.59453261,5.620901406,2.505284071,10.86008945
1,9.781858444,-26.98386192,-5.203464656,-5.924628735,102.6395289,10.13111687,8.630912304,11.38927449,43.90351105,-5.742774487,11.25491303,7.312465668,197.7707613,14.06309928,9.8201437,18.01232435,17.92942047,-1.258624673,4.895932642,3.136990547,21.16214541,4.600233191,2.835494518,6.718057892,-9.994821072,-34.1216526,-16.45837769,-14.24208021,34.11044646,5.840414922,1.840081215,17.46392403,27.50309753,-5.259423792,6.35898039,3.766302347,90.75367997,9.526472588,7.061218977,11.45383392,25.72523725,2.517249346,10.0993973,9.061619282,37.80743916,6.148775419,4.902893305,11.82392764
1,9.305686951,-29.0273304,-6.278331545,-7.226324081,104.2512217,10.21034876,9.346364975,11.98618658,44.80799866,-6.135197163,11.33953209,4.271188736,245.6797922,15.67417597,8.135596991,19.34592413,18.13759422,-1.718046665,5.141740738,3.050848961,27.04931012,5.200895126,2.498106897,7.313467572,-10.59302604,-35.50231171,-17.61786364,-14.93360615,49.69327164,7.049345476,3.43609333,18.97583702,26.67040443,-5.723631293,6.197791355,1.229910851,112.4532616,10.60439822,6.072983503,12.28274722,27.30928373,3.787838459,11.42007228,10.27717304,34.22747586,5.850425271,3.026920319,12.83142731
1,9.616753578,-29.79064178,-6.270446185,-8.003991127,107.5656881,10.37138796,8.46341306,12.11957852,42.14478683,-8.051848412,10.49095018,4.44107914,251.5268765,15.85959888,8.647661209,19.01543879,15.42892075,-0.973878801,4.637616616,2.684746981,18.94481235,4.352563883,2.402393579,6.360212279,-9.83450079,-32.52803326,-16.76139637,-13.02174044,53.7710853,7.332877014,2.469393253,18.29523144,27.02692604,-7.077969611,5.853333566,1.567298889,134.1465357,11.58216455,6.568298221,12.9772127,28.81676298,2.739782572,10.9080628,10.86580706,42.82681686,6.544220111,5.151748061,12.72056017
1,8.994620323,-26.80439949,-6.959307003,-8.255237579,110.0309526,10.48956399,8.38923645,12.58820506,45.78427124,-9.789037704,10.84111798,6.206982613,271.2552465,16.46982837,11.01177025,19.71763387,23.30609131,-1.313659787,7.264554965,4.022334576,60.3671987,7.769633112,3.797409236,10.63677383,-9.681360722,-36.78965092,-17.80042499,-14.76610804,50.24828055,7.088602158,2.313859463,19.15994286,22.47817993,-8.475377917,3.576563017,2.184648037,79.27483503,8.903641672,6.87697351,9.595136166,25.73959321,7.269395351,14.22386197,12.58624744,18.38345305,4.28759292,2.165505409,14.85603252
1,9.700503349,-28.50330353,-6.660204265,-9.695716858,103.3373357,10.16549732,6.46780014,12.15301019,44.85824585,-9.566505432,13.15291082,7.109076023,285.3804259,16.8932065,8.697910309,21.4097989,19.25743675,0.081355974,6.47002922,3.541377306,34.60857597,5.882905402,2.574676931,8.744704345,-11.91147137,-35.1577425,-19.81311509,-15.94816494,53.8865638,7.340746815,1.909474254,21.12927101,27.5916357,-9.647861406,6.6828816,1.840080738,124.4082743,11.15384572,5.838485718,13.00266053,28.5846595,6.472584248,13.13023349,13.30409431,24.15738763,4.915016544,3.424129486,14.02000068
1,8.248059273,-31.72882843,-7.172975303,-7.582855225,109.8550962,10.48117819,8.121240616,12.70065632,50.58187866,-8.276773453,11.61041044,5.891129494,267.4796329,16.35480458,10.51406288,20.0569505,13.64626694,-0.220139682,4.451248256,2.97188592,14.06143602,3.749858133,2.318645358,5.820227406,-11.10509026,-42.33381939,-18.78338574,-16.22812176,61.34715005,7.832442151,4.015155792,20.35098843,36.93561172,-8.05663377,7.15916218,2.517249346,159.619172,12.63404812,7.783852041,14.52145912,31.50868875,2.364109039,11.62422356,10.45902801,51.40760265,7.169909529,5.060820341,13.65760506
1,8.413164139,-26.42393875,-6.166249615,-6.915257454,78.63138496,8.867433956,6.606583595,10.80064902,37.72524261,-9.068797112,11.10998441,4.78085947,235.5201177,15.34666471,9.60718298,18.94602521,16.46740532,-1.87118721,3.595324833,2.30189538,15.67660385,3.959369123,1.40697968,5.348173941,-8.829515457,-30.37688303,-17.27623403,-13.1581316,53.1366161,7.289486683,2.634497166,18.75113005,28.18505764,-7.197609901,7.51465958,2.47896409,143.0929552,11.96214677,8.020741269,14.12667915,24.55275154,1.710868835,9.761574448,8.743373871,32.57714607,5.707639273,4.570290893,11.30776201
1,11.17687416,-32.10928726,-8.274163172,-9.494720459,113.0026358,10.63026979,5.290530205,13.47087273,48.83033371,-10.50688457,10.98104362,3.986442566,288.4382227,16.9834691,9.14297533,20.224281,19.79342842,-1.112662435,6.199694628,3.337987661,34.75619226,5.895438258,3.043670416,8.55525603,-9.750751972,-37.65345955,-19.2552068,-17.22832298,60.38127849,7.770539138,4.534398437,20.76401376,29.03690529,-9.39422214,4.781348996,0.866201878,124.9308528,11.1772471,6.867401063,12.15697952,30.99662483,7.99681282,14.4738578,13.15573919,31.9304785,5.650706018,2.289931655,15.53779386
2,-5.623133183,-15.52224064,-10.33601485,-10.26281548,8.626147396,2.93703037,2.75413847,10.74520127,9.205188751,1.067198873,4.803645784,5.024927616,5.016031233,2.239649801,1.844865799,5.300098495,1.318445206,-3.617947817,-0.652044189,-0.318245381,1.869923449,1.367451443,1.069591671,1.514953819,-13.93819141,-16.58943951,-15.13966063,-15.14178133,0.563841692,0.750893929,0.624526501,15.15827054,7.886743546,4.118047714,5.455689973,5.343172997,0.92755327,0.96309567,0.813559502,5.5400457,11.90429282,6.941578388,9.683970656,9.748358786,2.652253557,1.628574087,1.725225031,9.819956274
2,-5.852844715,-15.70170307,-10.51264861,-10.70788097,6.758843523,2.599777591,2.239682198,10.8293409,8.975478172,0.949950576,4.569529894,4.065405369,6.084231937,2.466623591,1.966899872,5.192767604,1.7898314,-3.017349243,-0.190175015,0.258424848,1.608713101,1.268350543,0.715453953,1.282528611,-14.04586864,-16.65165365,-15.08217851,-15.12024593,0.308661166,0.555572827,0.256032467,15.09240769,7.18803966,3.041277409,4.759704909,4.132404804,1.937708041,1.392015819,0.808774173,4.959082461,12.68435383,7.642676115,10.3224736,10.59302548,1.970507687,1.403747729,1.02652064,10.41748381
2,-5.781059265,-13.72283649,-9.637473637,-9.212367058,5.707240062,2.38898306,1.801795006,9.929155965,8.556733131,1.895115495,4.956840794,5.436492443,4.002753612,2.000688285,1.495513439,5.3453741,1.868794322,-2.371287346,-0.658678813,-1.483550072,2.037934302,1.427562364,0.796809912,1.572193398,-13.89272785,-15.61795199,-14.59431443,-14.52682614,0.249632309,0.499632174,0.378065825,14.60286431,7.068397522,4.177868128,5.615519608,5.659025371,0.79352126,0.890798103,0.777667701,5.685734933,11.35154915,7.611568809,8.978794824,8.434699893,1.421007137,1.192060039,0.552741885,9.057580451
2,-6.082554817,-14.20858192,-9.939730861,-9.214759827,6.535407096,2.556444229,2.342573166,10.26321863,8.348558426,1.509871006,5.241369239,5.97727108,4.24429678,2.060169114,0.937986374,5.631718058,1.481157184,-3.323630571,-1.157419203,-1.710868239,2.541055694,1.594068911,0.930807948,1.969942869,-14.15833044,-17.70449448,-15.1811001,-15.1130681,0.902211045,0.949847906,0.559920311,15.21078602,8.176275253,4.472185373,6.398788443,6.147161365,1.239258765,1.113219998,0.897307992,6.494902024,10.89930701,6.982255757,8.782311658,8.281558931,1.531498435,1.237537246,1.081555188,8.869075289
2,-6.527620316,-13.8113718,-9.808560707,-9.992427826,4.536812376,2.129979431,1.801795006,10.03716472,7.91306448,1.938186288,5.280742057,5.99162817,3.699201491,1.923330832,1.232303143,5.620092363,1.761117458,-2.665604591,-0.819324237,-0.86380893,1.315124403,1.146788735,0.993021354,1.409402927,-14.26600933,-15.984056,-15.08930276,-15.00299811,0.196782247,0.443601451,0.236889601,15.09582194,7.123432815,4.579862714,6.100066295,6.520441771,0.823506819,0.907472765,0.394815445,6.167196739,11.2055881,7.434499919,8.98923647,8.434699535,1.088055848,1.043099156,0.454637289,9.049554031
2,-6.072984219,-17.09910965,-9.907482017,-9.461220741,7.216056631,2.686271883,1.988435745,10.26519637,8.257630348,1.318445206,5.151583891,5.383851051,3.684640542,1.919541753,1.397408485,5.497586482,1.387837172,-2.65364027,-0.903834349,-0.875773072,0.701868861,0.83777614,0.658026204,1.232390113,-13.93340635,-18.41755486,-15.05906591,-14.84507179,0.795526922,0.891923159,0.643669605,15.08545634,7.544569165,3.972085476,6.05541824,6.259624124,1.285482219,1.133791083,0.780059576,6.160647066,14.44546938,6.781258911,9.003647668,8.571091056,3.662396047,1.913738761,1.301694989,9.204785027
2,-5.771488667,-18.36730576,-9.708932281,-8.604590416,9.82520163,3.134517767,1.928615093,10.20238049,7.795816422,1.016949654,5.371506225,6.214160442,4.91596758,2.217198137,1.110270023,5.811114067,3.414557934,-2.806780815,-0.730191563,-0.835095108,1.708085997,1.306937641,0.583848774,1.497085741,-13.56730509,-19.38425541,-15.08043851,-14.89532089,1.366442738,1.168949416,0.775274754,15.1256758,7.678567767,3.608376265,6.101697788,6.838687062,2.213705978,1.487852808,0.61016953,6.28047943,15.56052494,6.479763657,8.978740718,8.255238652,4.973470206,2.230127845,1.464407825,9.251554198
2,-5.958127975,-16.83111572,-10.45152315,-10.0905323,11.66314914,3.415135304,3.323629856,10.99533926,7.994420052,-0.301495641,4.717395422,4.331008911,5.702742546,2.388041571,2.155933142,5.287396535,2.969493151,-1.586441398,0.033064462,-0.014356935,1.029255616,1.014522359,0.765703237,1.01506102,-13.65105343,-17.21157452,-15.16891857,-14.88574982,1.247822566,1.117059786,0.930808544,15.20999386,6.43908596,1.284945756,4.68433096,4.486542389,2.17079719,1.473362545,1.459621593,4.910575703,15.24467432,7.47996366,10.48458761,10.07617537,6.197031213,2.489383701,2.175075328,10.77606647
2,-6.355337143,-14.18225956,-9.896170475,-9.375079155,5.836617371,2.415909222,2.067398548,10.18679574,8.164310455,1.069591641,4.768786766,5.615954876,5.10494164,2.259411791,1.596012592,5.276956401,2.189432859,-3.074777126,-0.647693563,-0.478564501,2.460961522,1.568745206,1.440479159,1.697194295,-14.1559391,-15.48634815,-14.66495724,-14.61057472,0.129001439,0.359167703,0.184247017,14.66935487,6.891329288,4.041477561,5.41648033,5.75473845,0.634307313,0.796434123,0.445065022,5.474720675,11.4233346,7.987242222,9.248476912,8.896514654,0.828049167,0.909972069,0.579064131,9.293135873
2,-5.989234924,-14.97667694,-10.17509754,-10.13121128,8.187672893,2.861410997,2.560319901,10.56978159,8.123632431,0.820738137,4.60286619,5.175675392,5.19235515,2.278673989,2.005185366,5.136023006,1.392622709,-3.591626883,-0.553013956,-0.299102843,2.237482434,1.495821659,1.232303679,1.594774865,-13.7946229,-16.21376622,-14.77796373,-14.73260832,0.455239076,0.67471407,0.607777119,14.79335835,6.731009722,3.926622033,5.155880147,5.328815937,0.692454342,0.832138415,0.839881063,5.222600351,11.6793673,7.381857634,9.622083585,9.542577125,1.942106228,1.393594715,1.268195771,9.722479043
2,-6.269195557,-15.36192036,-10.29827351,-10.11924648,9.177263478,3.029399854,2.778067589,10.73460296,8.977870941,1.399801373,4.801361764,3.830909014,6.462150632,2.542076048,2.402393937,5.432791678,2.627319574,-2.148754597,0.123937353,0.614955366,1.649487588,1.284323786,0.746560633,1.290289911,-13.9501555,-16.78325713,-15.09963527,-15.0436759,0.470998849,0.686293559,0.454636574,15.11522359,7.123432279,2.938386261,4.677424411,3.787838191,1.98329942,1.408296638,0.818345338,4.884833522,13.2179513,7.72163856,10.42221086,10.58584598,3.336188071,1.826523493,1.746762961,10.58105228
2,-6.206982613,-16.18983841,-10.35184015,-10.11206818,8.956349268,2.992716035,2.368894577,10.77575722,8.221738815,0.899701357,4.495733017,4.546362877,5.961624569,2.441643825,2.242074966,5.115978883,2.670390368,-2.33300209,0.134269989,0.710668385,2.047441446,1.430888342,0.88055855,1.437174268,-13.95254803,-17.20918083,-14.84757317,-14.68236017,0.62764712,0.792241832,0.521635532,14.8686945,5.95812881,2.878565431,4.361463028,4.225724667,1.105839933,1.051589241,1.055234641,4.486446219,14.23250961,8.16670382,10.48611014,10.28674489,2.640050603,1.624823253,1.265803993,10.6112467
2,-5.690132618,-14.19183159,-9.214868611,-8.494520187,6.274848596,2.504964789,1.490728855,9.549274952,8.719445229,1.35673058,4.736048566,5.630311966,4.959558641,2.227006655,1.964506626,5.233518382,0.624526739,-3.61076951,-1.280214499,-1.593619823,2.05907665,1.434948309,1.203589916,1.923025172,-12.4713912,-15.70409548,-13.95091718,-13.96211958,0.570589719,0.755373893,0.342173576,13.97135211,8.094918489,4.596612453,6.016263065,6.209374391,0.831321251,0.9117682,0.890129767,6.084960354,10.60499048,6.314659357,7.934654112,7.312465966,1.569127771,1.252648303,0.196211696,8.032923729
2,-5.9485569,-16.01755524,-9.79039707,-8.283952713,10.57784444,3.252359826,2.081756592,10.31647804,8.374878883,1.134197831,4.910670167,5.491527557,5.105520579,2.259539904,1.76350975,5.405571391,1.462014675,-2.737389088,-0.993945887,-1.493121266,1.204607505,1.097546129,0.55992043,1.480721423,-13.52423382,-17.15175307,-14.70106724,-14.12243938,1.149399753,1.072100626,0.509670258,14.74010779,7.379464626,3.586840868,5.904616053,6.671189308,1.795144979,1.339830205,0.461815476,6.054720119,13.30888009,6.398407936,8.796451183,7.245466724,5.560915049,2.35815925,0.717846528,9.107055971
2,-6.53958416,-14.70389462,-9.702950109,-8.987441063,5.484283199,2.341854649,1.921437263,9.981559198,7.8341012,1.47158587,4.846390358,5.048855782,3.80563423,1.950803483,1.354337692,5.224283083,0.811166883,-2.641676188,-1.140560658,-1.265803218,1.140120264,1.067764142,0.906879812,1.562369635,-13.64865971,-16.22572982,-14.54934047,-14.47896957,0.402421709,0.634367172,0.46899271,14.56316345,7.240681186,4.113262057,5.986951016,6.336194485,0.887439403,0.942040022,0.614955336,6.060612335,12.06221843,7.156932652,8.562389452,7.721637845,1.838974347,1.356087883,0.538383737,8.669111112
2,-5.838487148,-18.4486618,-9.98862053,-9.078369141,13.26428801,3.642017025,2.876173019,10.63187792,8.398807526,0.050249275,5.037272358,5.778666496,5.177893263,2.275498465,1.270588398,5.527386912,3.50069952,-3.254238844,-0.290129748,-0.344566494,2.33382256,1.52768536,1.079162985,1.554991264,-12.79202986,-18.49891108,-15.02589289,-14.85703564,2.54721765,1.596000517,1.378265619,15.1104161,6.40797925,2.495713886,5.327402106,5.627919048,0.988737363,0.994352736,0.315852255,5.419405001,16.00319719,7.142575204,9.698490783,8.733802646,5.143472699,2.267922551,1.485943109,9.960130329
2,-6.094519138,-14.9527483,-9.952021144,-9.499505043,8.711817445,2.951578806,2.299501896,10.38048854,8.047062874,1.416550994,5.092687875,5.819344997,3.782660814,1.944906377,1.055234909,5.451433812,2.1272192,-2.67278266,-0.538167566,-0.940379262,1.597594602,1.26395989,1.112662509,1.373760871,-13.70369577,-16.59901094,-15.04470902,-15.31885004,1.18385694,1.088051901,1.131804824,15.08400233,7.008577824,3.780659795,5.630855441,5.879165471,0.878393655,0.937226576,0.42831558,5.708320826,12.53121161,7.707281858,9.413853578,8.559125781,3.235486445,1.798745798,0.756131053,9.584160142
2,-6.061019897,-14.27318668,-9.835207972,-9.535398483,6.299480494,2.509876589,1.919043541,10.15040868,7.601996899,1.639083385,5.316090492,5.931807041,2.886908322,1.699090439,0.770489216,5.581014821,1.658226013,-2.457428694,-0.661669827,-0.729810894,1.29957439,1.139988767,0.880558789,1.318097625,-13.58405447,-16.65643835,-15.15129846,-15.29731512,1.078705418,1.038607442,1.014557362,15.18685453,7.137789726,4.096512079,5.977760319,6.238088325,0.664653835,0.815263047,0.327816442,6.033098065,11.87079334,7.240681142,9.173538144,8.80558759,2.042803532,1.429266781,0.98584272,9.284212709
2,-5.800201893,-15.8428793,-10.32301767,-10.45902824,9.382018399,3.063008064,2.620140076,10.76785551,8.348558426,0.593420029,5.509582827,6.185446262,5.461550232,2.336995985,1.342373848,5.984735012,1.418943882,-1.825723529,-0.411021661,-0.646062136,0.79598511,0.892179976,0.531206653,0.982305409,-14.05783272,-18.34577227,-15.8326005,-15.97209072,1.075823665,1.037219198,0.847058296,15.86653908,7.393822283,2.419143558,5.920604488,6.728617311,2.537915372,1.593083605,0.435493827,6.131188537,14.02672625,6.999006033,9.911996012,9.205188632,4.995602309,2.235084408,1.505084962,10.16086941
3,6.185446262,-34.02354431,-10.13768246,-7.817351341,98.19345997,9.909261323,4.634897232,14.17625005,35.2510643,-16.02712631,3.112790547,-2.60817647,277.1370694,16.64743432,10.09771132,16.9359539,40.94358826,-7.72163868,8.603121855,6.063412666,155.5345739,12.47135012,9.734002352,15.15085079,-0.837488174,-31.63311589,-13.250473,-10.30349541,96.37989829,9.817326433,7.508678436,16.49105615,6.33380127,-12.87817144,-5.490331308,-7.719245434,24.89355924,4.98934457,1.466801643,7.418712632,34.75814199,9.930213928,18.74080431,17.40539312,32.98254334,5.743043038,3.802197456,19.60102777
3,5.000998974,-35.70569992,-11.18247599,-8.709875107,113.4584831,10.65168922,2.892921448,15.44364764,33.05684662,-15.92901993,3.387638586,-0.378065974,237.2362207,15.4024745,11.13141069,15.77061558,31.75754166,-8.748159409,5.774261587,2.151147604,156.8816351,12.52523992,8.085347891,13.79216198,-1.749153137,-28.9268328,-14.57011458,-13.92144251,74.00005204,8.602328292,6.084946156,16.92005588,6.108877182,-7.649853706,-2.386623001,-3.144169807,12.06931524,3.474092002,2.132004261,4.214888443,27.40499878,5.836095095,16.95673758,15.95294809,49.9408106,7.06688125,6.56111908,18.37040446
3,5.572883606,-33.60001755,-10.9305226,-8.324630737,112.1404307,10.58963789,4.539185524,15.21896038,35.05963516,-14.93599796,3.514838848,-3.974478245,238.0369367,15.4284457,8.405986309,15.82374889,31.09712029,-9.066404343,5.424909507,5.412564754,125.5297127,11.20400431,7.860422373,12.44826718,-1.651046753,-30.23809958,-14.44536145,-13.04806089,73.86955867,8.594740174,6.017949581,16.80886748,10.59541988,-10.60020399,-1.910070659,-4.615754604,27.80188336,5.272749128,1.883151487,5.608052539,25.52423668,7.68095994,16.35543211,14.47179222,29.29216945,5.412224076,4.589435101,17.22766174
3,4.106083393,-30.80280495,-9.273438553,-8.025527954,79.90129044,8.938752174,3.450450897,12.88013793,38.75894165,-15.85245037,3.801107544,-2.816352129,235.5341387,15.34712151,8.140382528,15.8108367,27.24946594,-7.506284714,4.842964376,2.017149448,127.9582471,11.31186311,6.905685902,12.30498074,-0.854237556,-34.65285826,-13.0745461,-11.00459146,86.98313503,9.326474952,6.35533762,16.06010245,11.50947571,-8.346165657,-1.041856831,-2.426322341,19.05267104,4.364936545,1.950150609,4.487553531,24.53839874,4.515256405,14.11640293,12.69392395,39.48502225,6.283710866,5.783453465,15.45179128
3,3.065205574,-34.85864258,-8.920932033,-7.379465103,91.36774988,9.558647911,4.182654142,13.07481465,33.8584404,-13.4093771,2.98085883,-1.464407563,214.7447127,14.65417049,9.209974408,14.95427137,29.10390091,-9.812965393,4.786732903,2.785245419,104.2750522,10.21151566,8.152347088,11.27775971,-0.832701683,-30.79323483,-11.90179086,-10.96391201,79.96665412,8.942407624,6.025126457,14.88688281,9.528219223,-6.764509559,-1.805874073,-4.12522614,23.20374182,4.817026243,1.631904483,5.144406962,26.03869534,6.020340919,13.70766494,12.78006554,31.31309917,5.595810859,4.256831467,14.80584942
3,4.326223373,-31.95614624,-10.13501773,-7.283752441,99.32287351,9.966086168,5.759523392,14.21412881,32.16671371,-12.40199947,6.276156194,4.529613495,201.3669849,14.19038354,12.11725426,15.51635013,25.67737961,-7.905886173,5.138532317,4.034298897,85.99338052,9.27326159,7.391428947,10.60178734,-6.228517056,-28.79762101,-16.41117392,-14.84985733,38.62471366,6.214878411,4.453042984,17.54854248,8.779266357,-5.955735683,1.137623876,0.928415298,27.02728276,5.198777045,5.32163763,5.321792071,25.32324219,10.30588579,15.27355004,14.43111432,16.80075798,4.09887277,2.967098594,15.81398397
3,4.938785553,-34.62174988,-10.67971111,-7.34357214,104.5231107,10.22365447,5.18763876,14.78442898,37.38067627,-14.74935913,5.278077223,1.052841902,282.5541248,16.80934635,12.28235888,17.61851935,24.55275345,-8.590232849,4.161009839,1.818545222,73.20890492,8.556220248,5.958128333,9.514352727,-4.321438789,-33.90868843,-15.95778833,-14.32343578,91.88916344,9.58588355,7.099504709,18.61558949,16.97707558,-7.520641327,1.117067384,-2.031507015,71.54904692,8.458666971,4.835894585,8.532109145,26.03151703,9.162117362,14.84072095,13.46201944,20.20119482,4.49457393,2.988634586,15.50639201
3,3.129812002,-33.70290375,-8.836965752,-6.915257454,82.92982203,9.106581248,4.398007393,12.68943599,28.49851608,-13.77548027,3.79360281,2.761317015,116.6129814,10.79874907,6.587440252,11.44571552,20.38684845,-7.534998417,4.05409417,4.651647091,42.03740453,6.483625878,4.486542329,7.646769518,-7.659424543,-25.36870408,-12.63056856,-11.54297638,20.51047071,4.528848717,2.823530197,13.41796307,9.049654961,-7.152146339,-0.26049136,-1.646261945,21.11400222,4.594997521,1.964507326,4.602375253,26.16790533,9.889536053,12.89105992,11.37547803,16.10189249,4.012716348,0.686738729,13.50115989
3,3.622733593,-22.64088631,-8.154902498,-8.547162056,59.32350098,7.702175081,7.353143573,11.21721604,25.4500618,0.069391862,9.478514184,8.085347176,49.6708792,7.047757033,6.039483786,11.8115668,17.75474358,-6.441478729,5.930121432,4.120440483,51.27494455,7.160652523,6.065805316,9.297380532,-15.19920921,-22.71027817,-17.63341668,-17.04646778,4.016403819,2.004096759,1.191624641,17.74693742,7.695318222,1.162911654,3.548392752,3.242274761,2.159134729,1.469399445,0.787239552,3.840602277,16.25444388,11.95214939,14.08502393,13.89990664,1.192433247,1.091985919,0.756131411,14.12729034
3,3.139383078,-24.85424805,-7.860748662,-7.554140568,59.13304066,7.68980108,6.214159966,10.99656356,22.28674889,-5.656632423,7.115873751,5.398207664,55.57377172,7.454781802,4.639682889,10.30579599,15.00778389,-8.322237015,5.87862144,5.726025105,33.6262067,5.7988108,4.955536366,8.257384376,-11.38744283,-19.36989951,-14.97662241,-14.22772264,5.309577341,2.304252013,1.505084753,15.15284779,7.278964996,-1.820939064,1.237252311,0.265603289,6.567019023,2.562619563,0.813559994,2.845665529,19.19761634,10.72941613,13.7393701,13.32802153,4.288436502,2.070854051,1.040876389,13.89455747
3,4.393222332,-23.38744736,-5.905323005,-6.68793869,52.79551809,7.266052442,5.132604599,9.36313825,20.42513275,0.32063821,7.699396196,5.142175674,34.33595248,5.85968877,2.560319901,9.675569971,18.69033813,-0.997807086,7.560177496,9.135796547,31.76606957,5.636139598,5.170889378,9.429864969,-9.26979506,-23.70808557,-13.6047192,-12.44267702,11.74166283,3.426610983,1.959722042,14.02961323,3.850052834,-4.218546391,0.1392187,0.868594646,5.911722588,2.431403419,0.86619997,2.43538589,22.38964027,10.56909704,13.4655005,12.58624649,7.563279383,2.750141702,1.282552958,13.74347056
3,4.467400074,-20.57349014,-6.886271623,-6.106483459,62.40223591,7.899508586,6.805187702,10.47964564,21.93500519,-0.064606212,9.493686918,7.006184578,39.91903388,6.318151144,3.847658634,11.40390833,16.98664856,-3.505485058,8.15957959,8.599804878,36.33420439,6.027786027,5.13021183,10.14460169,-11.21994519,-22.34896278,-16.37995854,-15.5988102,7.152858188,2.674482789,1.313659668,16.59686416,4.948356628,-2.76849556,1.334107328,1.485941887,3.929936888,1.982406842,1.062412262,2.389514438,18.86979961,12.1603241,15.04585121,14.25883055,4.231608583,2.057087403,1.52662015,15.18582389
3,5.790630341,-21.84168434,-7.738170813,-7.451249599,70.3816689,8.389378338,6.853044033,11.41319221,20.27438736,-1.392622709,8.726134773,7.434500217,28.43596924,5.332538724,3.91465807,10.22650465,25.32085037,-3.670589685,7.900937294,7.056434155,46.73111078,6.83601571,5.034497738,10.4477711,-11.30608821,-23.330019,-16.46430559,-15.17767382,11.59879778,3.405700777,1.552942753,16.81285687,3.5557345,-5.046463013,0.825197479,0.624526024,3.396402821,1.842933211,0.9666996,2.019245825,19.83649796,12.55753303,15.63910811,15.01735449,4.627849711,2.151243759,1.32323122,15.78637235
3,3.670589685,-21.57368851,-6.950660332,-5.520241737,51.54768173,7.179671422,6.405586064,9.992965565,16.05105591,-0.777667344,7.15432218,5.771488667,20.62318233,4.541275408,3.249453783,8.473931094,18.54198265,-3.527020454,8.430240502,7.697710037,29.33298469,5.415993416,4.998606682,10.02007683,-9.272186995,-20.79602116,-14.10498251,-13.46201992,9.912376488,3.148392683,2.443071842,14.4520901,2.749353111,-4.613362312,-1.275918323,-1.060020924,2.03527894,1.426632027,0.906879902,1.913960947,20.27917013,12.66521025,15.38090083,14.54118395,4.123198152,2.030565969,1.34955287,15.51435814
3,3.627518892,-23.16491508,-6.551711501,-4.084547997,61.04963335,7.81342648,5.668597221,10.1967915,18.29791451,2.019542217,8.932569948,7.207180977,20.58923022,4.5375357,2.651247978,10.01898379,16.78804398,-5.996413231,8.106067377,9.150154114,37.64595809,6.135630212,4.874178886,10.16633102,-11.29172897,-25.1844573,-15.48428145,-13.60080397,16.95805688,4.118016134,1.615155101,16.02251631,8.015955448,-3.261417389,0.826502571,0.531206131,6.759893506,2.59997952,2.380858421,2.728186212,19.71925336,12.19143224,14.65777888,14.136796,4.372672569,2.09109363,1.043270826,14.80618635
3,5.096712112,-28.71865654,-8.11194072,-4.807180882,94.93598332,9.743509805,5.723631978,12.67831083,19.17368698,0.057427742,8.977272384,9.142975807,23.77786266,4.876254983,3.950551033,10.21612853,19.39382744,-6.221338749,8.913753767,10.25563908,50.11169784,7.078961636,6.063410759,11.38273711,-11.93061447,-29.50589514,-17.0892131,-14.4813621,26.43011496,5.141022754,2.041077308,17.84576475,6.278766491,-3.393022537,0.063518617,-1.000200272,6.243663787,2.498732436,1.323230743,2.499539638,25.64866519,13.68215942,17.02569449,15.5724901,8.184975371,2.860939596,1.306482434,17.26439249
3,7.05164814,-26.6560421,-6.823568671,-5.699703217,86.72736406,9.312752765,7.489535332,11.54506186,30.61377335,-6.611368656,8.188782804,4.529613495,81.75496683,9.041845322,4.259224534,12.19881677,17.73799324,-2.344966173,7.821158211,8.219346046,29.87449299,5.465756397,4.725825071,9.541750823,-9.274580956,-23.56212521,-15.01235147,-14.64168143,13.63980349,3.693210458,3.036492288,15.45996443,12.87578011,-4.7162534,0.367624592,-1.253839046,18.12720351,4.257605373,1.945364505,4.273447244,24.92363846,9.162117004,14.64472688,13.90947723,16.01931815,4.00241404,2.77328229,15.18180963
3,6.022734642,-22.57628441,-6.50586726,-6.094519138,72.18908747,8.496416154,6.477370739,10.70118668,21.75315094,-0.411565512,9.580535518,8.207381248,35.29452218,5.940919305,5.35752964,11.27302901,22.82991982,-5.946164608,7.929596721,7.290930748,58.09054196,7.621715159,6.630511284,10.99859292,-11.78465128,-22.34178305,-16.08640278,-15.54377615,8.626266683,2.937050678,1.753939033,16.35232769,5.723631859,-1.261018753,1.650938797,1.421336651,3.810615969,1.952079909,1.086340427,2.556602214,16.80718517,11.67936754,14.43546398,14.16551018,1.80318883,1.342828667,0.978665113,14.49778635
3,6.482156754,-28.57030296,-7.849980921,-9.054441452,95.82119041,9.78882988,8.779266864,12.54764483,23.66740799,2.352144718,10.09455733,8.197811127,34.18531205,5.846820679,3.627519608,11.6655647,17.94617081,-3.699303627,6.87952832,6.128018856,40.93763785,6.398252719,4.666004181,9.394974601,-12.11964652,-30.92244768,-17.94453825,-17.18525124,20.29685296,4.505202877,3.519843578,18.50144065,6.238088608,0.531207085,3.215029008,2.86420846,2.337487463,1.528884385,0.868594885,3.560041992,24.87099934,9.147760868,14.72950924,14.8737855,12.72608335,3.567363642,3.409771442,15.15534644
4,25.21795845,-52.14917374,-15.8607158,-17.06321716,261.54904,16.17247786,9.083153725,22.65196119,13.40459251,-43.74797821,0.489169042,3.641876221,89.55149595,9.463165219,2.280359745,9.475799824,50.23012924,-44.04708099,-1.677314519,-0.277567446,220.3457064,14.84404616,3.189632475,14.93851031,11.81336594,-34.74139214,-16.34988484,-17.65663528,98.8752397,9.943602953,5.563314527,19.13619539,14.72064304,-36.82553673,2.16648356,3.273381352,70.59457991,8.402058076,1.191625714,8.676879101,25.01217079,-1.92861557,14.18340128,14.69193077,34.90193335,5.907785824,4.268795609,15.36459583
4,11.67458248,-45.00899506,-18.4370791,-18.89612007,199.1317444,14.11140476,10.36092186,23.21761465,18.68555069,-32.88695526,3.744876201,5.819344997,121.0666658,11.00302985,3.591627121,11.62285523,18.57069588,-34.80121231,-2.788345322,-1.0863415,133.0354979,11.53410152,4.307080626,11.86635443,-4.893321991,-39.36911249,-22.18195531,-22.7246356,68.36683922,8.268424228,5.946162701,23.67289548,19.09472382,-7.362714767,6.533221523,6.795616865,25.57242104,5.056918137,0.720238686,8.26168291,23.29173279,6.896113396,15.64873378,15.89791262,21.98090443,4.688379723,4.405186057,16.33596564
4,24.08615303,-55.4799881,-20.83446964,-23.7942276,274.8661962,16.57908912,13.12941647,26.62595203,18.99661827,-69.14060974,3.437615973,5.094319344,155.8022092,12.48207552,2.52682066,12.9467916,46.60739517,-60.33502197,-2.874813143,-1.768296003,243.2137421,15.59531154,4.163511038,15.85806712,13.66062164,-45.6215572,-24.27208561,-27.83091927,146.1432077,12.0889705,9.973284245,27.115998,25.24427843,-27.6107769,6.312429116,6.699903727,65.43389738,8.089122164,1.440478802,10.26063637,29.98206806,-4.855033875,17.95965649,20.52563071,44.43258587,6.665777215,3.783056498,19.15677027
4,12.48574924,-55.41777039,-17.33540114,-14.96949768,234.7653978,15.32205593,10.30110073,23.13615202,13.0456686,-30.79084015,2.081103177,4.017549038,83.3973479,9.132214841,2.244467497,9.366340712,50.03392029,-31.12822914,0.34837313,-1.811366796,294.1885588,17.1519258,4.599005222,17.15546335,-0.559919357,-37.05046391,-19.41650432,-17.8959198,75.75042188,8.703471829,6.731010437,21.27794778,18.52283788,-36.98825169,1.732730047,4.991427845,136.9414872,11.7022001,2.050649488,11.82978616,44.25764418,8.592625856,17.68377427,16.6612215,69.18539654,8.317775937,5.118250132,19.54229436
4,20.01117516,-45.98765564,-17.48239695,-17.87199211,163.9521323,12.80437942,7.755138397,21.66994083,28.55355263,-37.31846237,2.281393167,3.962514162,146.0419013,12.08477974,2.11046946,12.29823793,21.1334095,-38.44308853,0.265277048,-0.820738137,99.93742124,9.996870572,2.825923622,10.00038965,-3.060417175,-32.83191845,-19.76379012,-19.03490353,46.44683538,6.815191515,4.264009953,20.90584213,7.420143127,-22.17189503,2.016116119,4.235295922,36.69317598,6.057489248,0.995414108,6.384191428,28.00559235,1.122234344,17.747674,17.33839187,28.09254783,5.300240356,3.440880209,18.52221585
4,11.92582798,-46.77011108,-17.15376468,-19.36272049,154.8446232,12.44365795,8.207382202,21.19189151,12.93320751,-50.90969467,1.181456241,3.816552162,132.1216858,11.49441977,2.134397864,11.55497835,36.17229843,-35.95933914,-2.952362454,-1.67976141,185.9990006,13.63814506,6.546762943,13.95404761,4.139583588,-28.20898688,-18.33522092,-17.97009754,62.94336675,7.933685572,7.475178242,19.97808031,24.41157675,-23.23909092,4.133818695,5.376672268,56.07922456,7.488606316,3.117847681,8.553810938,24.24647045,-0.272781372,14.20140222,13.09831047,26.36693516,5.134874406,2.670391083,15.10121718
4,33.51865768,-46.38965225,-16.00863601,-19.23111534,276.2955398,16.62214005,9.743573189,23.07752081,20.28395653,-56.87739182,0.135792655,4.680361271,236.931163,15.39256843,3.680160999,15.3931674,50.19663239,-39.81417465,4.058934217,0.39960137,247.3562485,15.72756334,2.541177601,16.24288138,15.36431313,-28.9005127,-16.14442866,-16.37647772,113.5495367,10.65596249,7.319644332,19.34404594,4.998606324,-29.91267586,-3.923141562,1.808973834,101.4231122,10.07090424,2.979064003,10.80805958,30.8291254,2.852245331,20.06757022,20.34377903,34.44317475,5.868830782,3.945761263,20.90814553
4,28.81197929,-52.8478775,-21.46176983,-21.15973282,212.5307298,14.57843372,7.436896324,25.94490883,15.16571045,-33.36791229,3.513207417,5.201996326,62.16427785,7.884432627,2.093719959,8.631738191,31.10190773,-35.29413223,-4.319316713,-3.371486902,166.0123092,12.88457641,4.024727583,13.58929012,13.64626884,-41.59682631,-24.97497725,-26.36172915,78.81940238,8.878029195,5.398209572,26.50601613,21.80101013,-15.93619728,7.83252413,7.750352144,50.5485753,7.109752126,2.237290144,10.57813828,31.25026369,2.289928436,17.14245312,17.16610813,16.39249982,4.048765222,1.184445381,17.61409091
4,28.90051079,-50.11527634,-13.38425351,-13.55294704,241.5265427,15.54112424,6.156733513,20.51011421,19.96092606,-50.53880692,2.103019117,5.161318302,189.3533175,13.76057112,2.433500528,13.92034507,23.14577103,-40.05585098,-0.724916619,-0.583848715,202.2534574,14.22158421,4.945964098,14.24004781,9.231509209,-26.17987061,-15.48727263,-17.23310804,73.40416151,8.567622862,2.029113293,17.69914617,14.52921867,-10.48295593,2.827935736,5.290530801,27.25571292,5.220700425,0.997807145,5.93741808,22.20060825,-5.754739761,12.65933689,12.96909833,33.12500198,5.755432389,2.58664155,13.90625084
4,13.62473297,-54.91049194,-17.63575562,-18.0203476,146.6351665,12.10930083,8.475378036,21.39287365,20.96591187,-26.04587364,3.799856796,4.529613495,56.26478867,7.500985847,1.588834286,8.408549241,18.18545151,-44.61896515,-4.75557177,-1.971685886,118.0586165,10.8654782,2.490928411,11.86061041,-7.341178894,-31.9011085,-21.43561242,-22.28914452,35.88628069,5.990515895,6.183054924,22.25694859,20.52563167,0.052641869,8.555428566,7.008577019,17.01676071,4.12513766,0.701096684,9.498006036,21.48515272,4.560718536,12.88018385,11.91864955,19.68277554,4.436527419,3.70648241,13.62284521
4,15.90748501,-55.97529984,-18.38318601,-17.50349808,211.7620566,14.55204647,6.711868286,23.44575835,15.33081436,-29.64468002,2.991572067,5.742774487,87.06588976,9.330910446,3.548556089,9.79874447,26.04109001,-28.7880497,-2.443126274,-1.883151412,154.2894648,12.42133104,7.01097095,12.65931794,0.576670647,-31.80779171,-21.37475807,-21.95414639,42.40897179,6.512217118,3.058026314,22.34478137,17.52263975,-11.5956192,5.434698341,6.415157832,36.89189698,6.073870017,2.371286593,8.150327787,30.5707016,10.133605,15.94005973,15.20878029,13.23746951,3.638333343,1.880758286,16.35001449
4,13.16770363,-43.61397934,-20.5496151,-21.74357796,141.7329519,11.90516492,7.48474884,23.74909751,13.6725893,-47.39224625,3.599838602,4.785645485,108.2862072,10.40606588,3.270988464,11.01113278,59.63153458,-37.34478378,0.381927241,-0.748953521,279.0967506,16.70618899,5.273781002,16.71055412,3.778266907,-37.61038537,-24.1494537,-24.64368057,66.05410541,8.12736768,2.54117775,25.48038892,22.06661172,-45.95894527,3.217911361,4.752145767,119.079431,10.91235222,1.021735311,11.37692333,46.46383095,5.015357971,20.93154234,20.91087645,45.84036398,6.770551232,2.5005005,21.99931428
4,28.30709076,-54.29075241,-20.18454641,-19.56611061,287.7852577,16.96423466,8.33898735,26.36666781,13.82812214,-64.1300354,2.02237028,3.90030098,176.8296648,13.29773157,2.993421078,13.4506374,36.52883148,-39.66103363,-4.854221345,-3.318845034,251.0527001,15.84464263,6.896114826,16.57154685,14.47896862,-40.92444324,-22.20691669,-22.05703878,130.4759759,11.4226081,3.572484493,24.97244731,25.21317187,-24.46900177,6.876591625,6.259624124,108.0566283,10.39502902,1.404586673,12.46371296,22.7174592,0.026321411,15.33032506,14.93121338,15.87308143,3.984103592,1.483549118,15.83956906
4,29.38386154,-52.45306396,-17.12477918,-18.36730576,243.2432538,15.59625769,7.02293396,23.16249804,24.45225525,-7.807780266,5.272367144,4.649254322,32.26290272,5.680044253,2.074577332,7.749887613,28.75933456,-45.75077057,-2.711285454,-1.043270707,203.3500897,14.2600873,5.862415195,14.51554885,4.931606293,-44.6452837,-22.39714632,-22.87059784,100.9271597,10.04625103,4.673181534,24.5470838,37.9429903,-4.307079315,7.983652598,5.326423287,84.05789896,9.168309493,2.230111241,12.15716282,20.91326714,-0.624526978,14.41349372,15.41217041,28.87023832,5.37310323,2.622532606,15.38242632
4,26.51965332,-48.50251389,-18.69273046,-17.41257095,176.5122259,13.28579038,6.592226982,22.93317244,19.06361771,-33.12862778,3.473345194,3.90030098,99.5673268,9.978342888,2.301895142,10.56557872,28.35973167,-32.59263611,-0.811166873,-1.445264816,151.4037298,12.30462229,3.294917107,12.33133089,7.456035614,-36.6795783,-22.16607566,-21.06162548,55.75467029,7.466905,3.177669287,23.38994614,20.62134612,-9.296113968,4.284512068,5.170889415,32.55122329,5.705367936,0.942772709,7.135002939,26.26840496,1.840078354,17.88156359,16.83351135,18.93662222,4.351622941,2.265998602,18.4034491
4,21.19322968,-54.31707382,-19.75965744,-20.84866333,235.2282174,15.33715154,9.963712692,25.01344198,25.50749016,-60.64609146,2.922560875,4.328616142,196.6252842,14.0223138,3.431307793,14.32363942,25.5625248,-46.54279327,-4.327637237,-1.75872457,214.540557,14.64720304,5.477171063,15.2731464,6.329017639,-33.4971242,-22.68221832,-23.1385951,66.40632905,8.149007857,3.783051968,24.10164635,19.9441762,-14.10329819,7.250198112,6.860222459,41.9971093,6.480517672,2.352144718,9.724324242,23.92822719,1.555335999,15.43202021,15.59402466,19.60948567,4.428259892,2.816351652,16.05480406
4,30.42713356,-74.12246704,-17.96449631,-14.78525066,314.7677302,17.74169468,6.388836861,25.24858131,19.72164536,-50.00999451,0.323738052,3.393022537,152.1290642,12.33406114,2.09850502,12.33830906,28.92922592,-49.35196304,-2.364543618,0.129212424,243.4045766,15.60142867,3.900300935,15.77959578,10.7054882,-41.79064703,-18.28823436,-18.4319129,73.23554197,8.557776695,4.522434473,20.19146003,20.64288139,-17.63510132,2.688281671,3.117848277,48.71569058,6.979662641,2.045863152,7.479475177,24.770504,-1.497907639,15.59995269,15.29492283,17.58516004,4.193466351,1.153341055,16.15375139
4,27.22075272,-52.24249649,-20.56212311,-20.13799477,212.6706625,14.58323224,7.676176071,25.20856143,14.76371479,-65.25706482,2.801451266,4.201796532,170.2199261,13.04683587,2.857030153,13.3442143,49.22753906,-39.86681366,-1.663555437,-0.380458802,269.8082958,16.42584232,7.362715214,16.50986712,13.01456833,-40.03909802,-23.36357438,-23.63151646,110.8681127,10.5293928,3.211169243,25.62664084,29.15893602,-34.46382427,4.465006703,4.342973173,118.677023,10.89389843,2.440679014,11.7734153,25.93580341,9.779472351,18.89856768,19.75753596,11.58740231,3.404027367,1.689333409,19.20268894
4,21.54976273,-52.44588852,-19.96032831,-16.09173203,218.6426748,14.78657076,7.207181931,24.8406397,23.06441689,-68.84868622,0.482969424,5.27856636,312.505095,17.67781364,3.720838785,17.68440993,51.26383209,-36.25126266,2.166320197,0.729810894,288.996704,16.99990306,5.536991775,17.13737574,16.4027977,-32.9013114,-20.44329773,-20.4466691,93.38753928,9.663722848,3.048456192,22.61229669,12.75613832,-32.59742355,-1.683350773,1.646261692,109.5590971,10.46704816,2.787638664,10.6015455,43.36990833,15.62513208,22.1266485,20.30788589,34.05502339,5.835668204,3.445664644,22.8832602
5,0.165104762,0.038285162,0.108057696,0.107677028,4.12E-04,0.020303409,0.009571306,0.109948597,0.050249275,-0.052642096,-0.008701173,-0.014356935,5.56E-04,0.023589148,0.019142581,0.025142759,-9.791430473,-9.879963875,-9.832869486,-9.834501266,3.78E-04,0.019451177,0.009572029,9.832888725,0.126819607,0.090927258,0.116758869,0.119641125,6.13E-05,0.007830112,0.004785638,0.117021127,9.841679748,9.812964857,9.824168313,9.822537113,5.88E-05,0.007665576,0.00717847,9.824171304,-9.918249037,-9.956535235,-9.940927182,-9.942177273,3.53E-05,0.005938277,0.002392083,9.940928956
5,0.162711948,0.074177504,0.110939958,0.107677028,4.22E-04,0.020552781,0.011964098,0.112827705,0.045463633,-0.050249275,-0.004840028,-0.007178468,6.57E-04,0.0256322,0.01914258,0.02608516,-9.79860878,-9.884750366,-9.834229057,-9.832108498,5.57E-04,0.023606426,0.016750336,9.83425739,0.12921242,0.100498548,0.115779985,0.117248312,6.17E-05,0.007857259,0.007178461,0.116046291,9.844072413,9.815358685,9.82938903,9.829715097,3.97E-05,0.006301826,0.004784977,9.82939105,-9.932606414,-9.961320728,-9.945169015,-9.944570735,6.15E-05,0.00783929,0.004786119,9.945172105
5,0.203389928,0.114855483,0.145418359,0.143569365,2.44E-04,0.015623164,0.004785642,0.146255196,-0.023928225,-0.098105721,-0.056285714,-0.052642096,3.11E-04,0.017646291,0.007178467,0.058987059,-9.793823242,-9.899106979,-9.835751685,-9.836893082,3.91E-04,0.019767806,0.00717926,9.83577155,0.227318153,0.193818623,0.201704073,0.198604289,3.61E-05,0.006005495,0.002392817,0.201793456,9.801001258,9.767502194,9.779465972,9.779465914,2.63E-05,0.005126779,0.002392933,9.779467316,-9.961320817,-10.01396246,-9.981170045,-9.980463505,5.61E-05,0.007490309,0.00239256,9.981172855
5,0.181854531,0.117248312,0.143623742,0.141176537,2.10E-04,0.014478678,0.009571299,0.144351693,-0.011964113,-0.086141624,-0.046279366,-0.045463633,3.33E-04,0.018237065,0.011964116,0.049743042,-9.801001549,-9.875179291,-9.834174763,-9.834501266,2.78E-04,0.016684376,0.011963844,9.834188916,0.203389935,0.177068884,0.189903107,0.18903299,2.97E-05,0.0054491,0.004785635,0.18998127,9.796215581,9.781859532,9.787895397,9.789036788,9.50E-06,0.003081594,0.002392296,9.787895882,-9.966106266,-9.992427602,-9.977798505,-9.978070304,1.65E-05,0.004056178,0.002392232,9.977799329
5,0.1914258,0.124426775,0.156240443,0.157926291,2.37E-04,0.015394235,0.009571284,0.156997002,-0.033499517,-0.114855483,-0.070479503,-0.069391862,4.45E-04,0.021104829,0.019142587,0.073571558,-9.781858444,-9.865608215,-9.830748536,-9.834501266,3.96E-04,0.019892001,0.009572029,9.830768662,0.239282273,0.215354022,0.226719946,0.227318138,4.79E-05,0.006922381,0.004785635,0.226825601,9.767502233,9.748358928,9.760269033,9.760324303,3.19E-05,0.005645881,0.004785601,9.760270666,-9.970892027,-9.994819373,-9.986988979,-9.990033954,4.10E-05,0.006399474,0.00239329,9.98699103
5,0.181854531,0.122033961,0.15319503,0.153140649,2.16E-04,0.014701646,0.014356926,0.153898849,-0.004785645,-0.093320079,-0.060364391,-0.064606212,3.81E-04,0.019531967,0.014356937,0.063445704,-9.808179855,-9.879963875,-9.834011403,-9.834501266,2.13E-04,0.01460474,0.009572029,9.834022248,0.220139697,0.186640176,0.213559421,0.215354033,4.09E-05,0.006394723,0.002392832,0.21365514,9.80339421,9.762715526,9.773647012,9.769895628,6.96E-05,0.008342224,0.004784334,9.773650573,-9.978069574,-10.00439171,-9.987206433,-9.987641066,2.40E-05,0.004900572,0.002392307,9.987207635
5,0.1914258,0.11246267,0.154826501,0.153140649,2.79E-04,0.016707595,0.009571299,0.155725364,-0.033499517,-0.110069841,-0.075210767,-0.076570325,3.83E-04,0.019562151,0.014356941,0.077713173,-9.786644936,-9.860822678,-9.827540094,-9.829714775,3.88E-04,0.019704048,0.011963844,9.827559847,0.241675094,0.217746865,0.230037268,0.229710981,2.33E-05,0.004828711,0.002392836,0.230087942,9.760324091,9.73878843,9.752329327,9.753144294,1.53E-05,0.003916706,0.00239256,9.752330114,-9.966106579,-9.992427021,-9.982366595,-9.982856318,2.93E-05,0.005412754,0.002392769,9.982368063
5,0.20817557,0.117248312,0.155152796,0.150747821,4.10E-04,0.020239217,0.011964098,0.1564673,-0.004785645,-0.105284192,-0.053838509,-0.055034921,5.43E-04,0.023302813,0.016749762,0.058665204,-9.803394318,-9.872786522,-9.841679443,-9.846465111,2.82E-04,0.01679618,0.009572029,9.841693775,0.222532503,0.198604289,0.208991305,0.208175555,3.28E-05,0.005725144,0.002392851,0.209069708,9.798609465,9.76750233,9.787840934,9.789036576,5.69E-05,0.007540979,0.004785072,9.787843839,-9.990034834,-10.01396351,-9.996832239,-9.994820371,2.39E-05,0.004891738,0.002391815,9.996833436
5,0.217746869,0.119641125,0.15526156,0.155533478,3.16E-04,0.017783855,0.009571284,0.156276734,0.023928225,-0.10049855,-0.051336923,-0.052642096,7.72E-04,0.02777612,0.021535402,0.058369448,-9.796216011,-9.870393753,-9.83297827,-9.834501266,3.48E-04,0.018654387,0.011963844,9.832995965,0.224925339,0.181854511,0.206598483,0.208175562,1.52E-04,0.012317209,0.009571299,0.206965328,9.820144236,9.765109092,9.781641347,9.781859171,1.02E-04,0.010085265,0.007178631,9.781646546,-9.973284662,-10.01396288,-9.98823983,-9.990034416,4.40E-05,0.006634433,0.002393305,9.988242034
5,0.203389928,0.11246267,0.157654382,0.155533478,3.45E-04,0.018578313,0.014356911,0.158745261,-0.016749758,-0.083748788,-0.054273568,-0.055034921,3.04E-04,0.017448171,0.009571292,0.057009288,-9.789037704,-9.877571106,-9.828681924,-9.832108498,3.60E-04,0.018974542,0.014356613,9.82870024,0.220139686,0.196211457,0.21192795,0.212961208,1.62E-05,0.004029799,0.002392827,0.21196626,9.793822318,9.769894481,9.774408356,9.774679694,1.59E-05,0.003991372,0.00239218,9.774409171,-9.975677565,-9.992427632,-9.986336306,-9.987640902,1.47E-05,0.003833063,0.002392769,9.986337041
5,0.203389928,0.129212424,0.15569662,0.155533478,1.67E-04,0.012940139,0.00717847,0.15623343,0.021535406,-0.10049855,-0.039100897,-0.038285162,4.54E-04,0.021310312,0.014356934,0.044530995,-9.767501831,-9.882357597,-9.831292369,-9.827322006,5.80E-04,0.024079748,0.016750336,9.831321858,0.229710974,0.181854522,0.194797517,0.191425819,9.69E-05,0.009843653,0.004785657,0.195046072,9.808180094,9.781859048,9.792191472,9.791430151,2.83E-05,0.005320667,0.002393037,9.792192918,-9.970891759,-10.02353413,-9.986988989,-9.982855484,1.71E-04,0.013089826,0.007178143,9.986997568
5,0.203389928,0.114855483,0.158252587,0.157926291,3.55E-04,0.018838279,0.00717847,0.159369891,-0.009571291,-0.107677028,-0.048780953,-0.04785645,5.20E-04,0.022798785,0.016749762,0.053845761,-9.805787086,-9.879963875,-9.838307554,-9.839285851,2.77E-04,0.016651004,0.011963844,9.838321645,0.222532511,0.196211457,0.20703354,0.205782751,4.18E-05,0.006462809,0.007178457,0.207134388,9.803393995,9.772286847,9.789526601,9.789037477,4.99E-05,0.007060987,0.007177617,9.789529148,-9.982855514,-10.00917701,-9.996560141,-9.997212142,1.23E-05,0.003510931,0.002391979,9.996560758
5,0.186640158,0.129212424,0.153412562,0.155533478,2.26E-04,0.015040525,0.011964113,0.154148084,0.007178468,-0.083748788,-0.041004278,-0.035892341,5.95E-04,0.024383912,0.01674976,0.047706666,-9.793823242,-9.868000031,-9.833358873,-9.836893082,3.44E-04,0.018545129,0.011963844,9.833376361,0.21535404,0.179461691,0.19441684,0.191425819,1.05E-04,0.010255503,0.004785672,0.194687142,9.801002072,9.774680212,9.792354595,9.79143042,5.68E-05,0.007536004,0.00717777,9.792357495,-9.973284885,-9.999605268,-9.986771435,-9.985249415,2.34E-05,0.004842121,0.002392188,9.986772609
5,0.212961212,0.119641125,0.160862939,0.160319105,3.00E-04,0.017329115,0.009571284,0.161793645,0.007178468,-0.093320079,-0.048454659,-0.045463633,6.46E-04,0.025411102,0.01435693,0.054713601,-9.784252167,-9.908678055,-9.835207961,-9.834501266,5.38E-04,0.023202413,0.011963844,9.835235329,0.22731816,0.184247342,0.209317599,0.208175551,1.09E-04,0.010423691,0.004785627,0.20957698,9.815357976,9.77468048,9.786753302,9.786643963,6.09E-05,0.007803105,0.00239367,9.786756412,-9.98524864,-10.02831918,-9.9960709,-9.994820222,6.36E-05,0.007976731,0.002393454,9.996074083
5,0.220139682,0.124426775,0.161569909,0.162711948,3.44E-04,0.0185592,0.009571299,0.162632345,-0.004785645,-0.078963146,-0.042526984,-0.040677987,4.69E-04,0.021661105,0.019142576,0.047725757,-9.803394318,-9.884750366,-9.838851474,-9.839285851,3.87E-04,0.019674179,0.011965752,9.838871144,0.224925328,0.193818614,0.204096894,0.205782733,4.96E-05,0.007042672,0.004785662,0.204218367,9.808180094,9.786643755,9.796324489,9.796215095,3.46E-05,0.005882348,0.004785918,9.796326255,-9.994819328,-10.023534,-10.00042138,-9.999605551,2.91E-05,0.005397682,0.002393037,10.00042284
5,0.200997099,0.122033961,0.157654382,0.153140649,2.83E-04,0.016836668,0.00717847,0.158550868,0.011964113,-0.086141624,-0.045191719,-0.04785645,5.88E-04,0.024253485,0.019142583,0.051288624,-9.79860878,-9.865608215,-9.829823971,-9.829714775,2.29E-04,0.01514174,0.007178307,9.829835633,0.220139682,0.189032987,0.202846101,0.198604278,8.74E-05,0.009349334,0.004785638,0.203061446,9.810572892,9.76750122,9.784632252,9.784252048,1.12E-04,0.010590368,0.009570496,9.784637983,-9.982855424,-10.00199865,-9.987478353,-9.985249087,1.96E-05,0.004429855,0.002392232,9.987479336
5,0.205782756,0.122033961,0.16369082,0.162711948,3.74E-04,0.019340853,0.011964127,0.164829467,-0.002392823,-0.074177504,-0.040895514,-0.045463633,3.80E-04,0.019504995,0.016749755,0.045308806,-9.784252167,-9.875179291,-9.82987846,-9.827322006,3.64E-04,0.019090842,0.011963844,9.829896999,0.212961212,0.196211446,0.204586334,0.205782741,2.07E-05,0.004548653,0.002392838,0.204636894,9.801001787,9.781858373,9.788982946,9.789036896,1.52E-05,0.003901526,0.002392571,9.788983724,-9.98764132,-10.00678419,-9.99356928,-9.994819865,1.57E-05,0.003967594,0.002392828,9.993570068
5,0.20817557,0.122033961,0.160645411,0.160319105,3.51E-04,0.018748266,0.00717847,0.161735727,-0.007178468,-0.086141624,-0.054763009,-0.052642096,3.06E-04,0.017503594,0.014356934,0.057492287,-9.791430473,-9.856036186,-9.829987309,-9.832108498,2.65E-04,0.016286553,0.009571075,9.830000801,0.236889444,0.205782738,0.21540842,0.215354037,2.54E-05,0.005037049,0.002392828,0.215467304,9.784252006,9.757930957,9.7752243,9.77468054,2.10E-05,0.004587563,0.00239297,9.775225376,-9.978070147,-9.999606043,-9.99063272,-9.990035281,1.62E-05,0.00402097,0.00239262,9.990633529
5,0.205782756,0.114855483,0.161134853,0.165104762,3.33E-04,0.018258458,0.011964113,0.162166002,0.011964113,-0.074177504,-0.035022222,-0.035892341,4.75E-04,0.021794224,0.014356934,0.041249779,-9.786644936,-9.870393753,-9.835697478,-9.839285851,5.76E-04,0.02400146,0.023929596,9.835726762,0.203389928,0.179461699,0.196157075,0.198604278,4.57E-05,0.006758085,0.002392832,0.196273457,9.810573351,9.784251522,9.800675255,9.801002287,4.08E-05,0.006383873,0.004784624,9.800677334,-9.978070483,-10.01157045,-9.99683233,-9.999605864,8.87E-05,0.009419656,0.007178172,9.996836768
6,-5.623133183,-15.52224064,-10.33601485,-10.26281548,8.626147396,2.93703037,2.75413847,10.74520127,9.205188751,1.067198873,4.803645784,5.024927616,5.016031233,2.239649801,1.844865799,5.300098495,1.318445206,-3.617947817,-0.652044189,-0.318245381,1.869923449,1.367451443,1.069591671,1.514953819,-13.93819141,-16.58943951,-15.13966063,-15.14178133,0.563841692,0.750893929,0.624526501,15.15827054,7.886743546,4.118047714,5.455689973,5.343172997,0.92755327,0.96309567,0.813559502,5.5400457,11.90429282,6.941578388,9.683970656,9.748358786,2.652253557,1.628574087,1.725225031,9.819956274
6,-5.852844715,-15.70170307,-10.51264861,-10.70788097,6.758843523,2.599777591,2.239682198,10.8293409,8.975478172,0.949950576,4.569529894,4.065405369,6.084231937,2.466623591,1.966899872,5.192767604,1.7898314,-3.017349243,-0.190175015,0.258424848,1.608713101,1.268350543,0.715453953,1.282528611,-14.04586864,-16.65165365,-15.08217851,-15.12024593,0.308661166,0.555572827,0.256032467,15.09240769,7.18803966,3.041277409,4.759704909,4.132404804,1.937708041,1.392015819,0.808774173,4.959082461,12.68435383,7.642676115,10.3224736,10.59302548,1.970507687,1.403747729,1.02652064,10.41748381
6,-6.754938602,-12.88056374,-9.614742041,-9.272188187,3.143416705,1.772968332,1.148555756,9.776844134,8.736195564,1.004985452,4.809845423,5.249853134,4.945050687,2.223746993,1.655832767,5.299024786,2.464607239,-2.433500767,-0.19952879,0.009571291,1.195329727,1.093311359,0.61734823,1.111369185,-13.47398472,-15.49113417,-14.42458746,-14.52204132,0.267107484,0.516824423,0.476172924,14.43384325,6.623333156,2.931207776,5.009374213,5.362315804,1.481542972,1.217186498,0.981056884,5.155130743,10.79162979,8.317451239,9.41521325,9.159725517,0.603428264,0.776806452,0.490529418,9.447204286
6,-5.781059265,-13.72283649,-9.637473637,-9.212367058,5.707240062,2.38898306,1.801795006,9.929155965,8.556733131,1.895115495,4.956840794,5.436492443,4.002753612,2.000688285,1.495513439,5.3453741,1.868794322,-2.371287346,-0.658678813,-1.483550072,2.037934302,1.427562364,0.796809912,1.572193398,-13.89272785,-15.61795199,-14.59431443,-14.52682614,0.249632309,0.499632174,0.378065825,14.60286431,7.068397522,4.177868128,5.615519608,5.659025371,0.79352126,0.890798103,0.777667701,5.685734933,11.35154915,7.611568809,8.978794824,8.434699893,1.421007137,1.192060039,0.552741885,9.057580451
6,-6.082554817,-14.20858192,-9.939730861,-9.214759827,6.535407096,2.556444229,2.342573166,10.26321863,8.348558426,1.509871006,5.241369239,5.97727108,4.24429678,2.060169114,0.937986374,5.631718058,1.481157184,-3.323630571,-1.157419203,-1.710868239,2.541055694,1.594068911,0.930807948,1.969942869,-14.15833044,-17.70449448,-15.1811001,-15.1130681,0.902211045,0.949847906,0.559920311,15.21078602,8.176275253,4.472185373,6.398788443,6.147161365,1.239258765,1.113219998,0.897307992,6.494902024,10.89930701,6.982255757,8.782311658,8.281558931,1.531498435,1.237537246,1.081555188,8.869075289
6,-6.527620316,-13.8113718,-9.808560707,-9.992427826,4.536812376,2.129979431,1.801795006,10.03716472,7.91306448,1.938186288,5.280742057,5.99162817,3.699201491,1.923330832,1.232303143,5.620092363,1.761117458,-2.665604591,-0.819324237,-0.86380893,1.315124403,1.146788735,0.993021354,1.409402927,-14.26600933,-15.984056,-15.08930276,-15.00299811,0.196782247,0.443601451,0.236889601,15.09582194,7.123432815,4.579862714,6.100066295,6.520441771,0.823506819,0.907472765,0.394815445,6.167196739,11.2055881,7.434499919,8.98923647,8.434699535,1.088055848,1.043099156,0.454637289,9.049554031
6,-6.072984219,-17.09910965,-9.907482017,-9.461220741,7.216056631,2.686271883,1.988435745,10.26519637,8.257630348,1.318445206,5.151583891,5.383851051,3.684640542,1.919541753,1.397408485,5.497586482,1.387837172,-2.65364027,-0.903834349,-0.875773072,0.701868861,0.83777614,0.658026204,1.232390113,-13.93340635,-18.41755486,-15.05906591,-14.84507179,0.795526922,0.891923159,0.643669605,15.08545634,7.544569165,3.972085476,6.05541824,6.259624124,1.285482219,1.133791083,0.780059576,6.160647066,14.44546938,6.781258911,9.003647668,8.571091056,3.662396047,1.913738761,1.301694989,9.204785027
6,-5.771488667,-18.36730576,-9.708932281,-8.604590416,9.82520163,3.134517767,1.928615093,10.20238049,7.795816422,1.016949654,5.371506225,6.214160442,4.91596758,2.217198137,1.110270023,5.811114067,3.414557934,-2.806780815,-0.730191563,-0.835095108,1.708085997,1.306937641,0.583848774,1.497085741,-13.56730509,-19.38425541,-15.08043851,-14.89532089,1.366442738,1.168949416,0.775274754,15.1256758,7.678567767,3.608376265,6.101697788,6.838687062,2.213705978,1.487852808,0.61016953,6.28047943,15.56052494,6.479763657,8.978740718,8.255238652,4.973470206,2.230127845,1.464407825,9.251554198
6,-5.958127975,-16.83111572,-10.45152315,-10.0905323,11.66314914,3.415135304,3.323629856,10.99533926,7.994420052,-0.301495641,4.717395422,4.331008911,5.702742546,2.388041571,2.155933142,5.287396535,2.969493151,-1.586441398,0.033064462,-0.014356935,1.029255616,1.014522359,0.765703237,1.01506102,-13.65105343,-17.21157452,-15.16891857,-14.88574982,1.247822566,1.117059786,0.930808544,15.20999386,6.43908596,1.284945756,4.68433096,4.486542389,2.17079719,1.473362545,1.459621593,4.910575703,15.24467432,7.47996366,10.48458761,10.07617537,6.197031213,2.489383701,2.175075328,10.77606647
6,-6.355337143,-14.18225956,-9.896170475,-9.375079155,5.836617371,2.415909222,2.067398548,10.18679574,8.164310455,1.069591641,4.768786766,5.615954876,5.10494164,2.259411791,1.596012592,5.276956401,2.189432859,-3.074777126,-0.647693563,-0.478564501,2.460961522,1.568745206,1.440479159,1.697194295,-14.1559391,-15.48634815,-14.66495724,-14.61057472,0.129001439,0.359167703,0.184247017,14.66935487,6.891329288,4.041477561,5.41648033,5.75473845,0.634307313,0.796434123,0.445065022,5.474720675,11.4233346,7.987242222,9.248476912,8.896514654,0.828049167,0.909972069,0.579064131,9.293135873
6,-5.989234924,-14.97667694,-10.17509754,-10.13121128,8.187672893,2.861410997,2.560319901,10.56978159,8.123632431,0.820738137,4.60286619,5.175675392,5.19235515,2.278673989,2.005185366,5.136023006,1.392622709,-3.591626883,-0.553013956,-0.299102843,2.237482434,1.495821659,1.232303679,1.594774865,-13.7946229,-16.21376622,-14.77796373,-14.73260832,0.455239076,0.67471407,0.607777119,14.79335835,6.731009722,3.926622033,5.155880147,5.328815937,0.692454342,0.832138415,0.839881063,5.222600351,11.6793673,7.381857634,9.622083585,9.542577125,1.942106228,1.393594715,1.268195771,9.722479043
6,-6.269195557,-15.36192036,-10.29827351,-10.11924648,9.177263478,3.029399854,2.778067589,10.73460296,8.977870941,1.399801373,4.801361764,3.830909014,6.462150632,2.542076048,2.402393937,5.432791678,2.627319574,-2.148754597,0.123937353,0.614955366,1.649487588,1.284323786,0.746560633,1.290289911,-13.9501555,-16.78325713,-15.09963527,-15.0436759,0.470998849,0.686293559,0.454636574,15.11522359,7.123432279,2.938386261,4.677424411,3.787838191,1.98329942,1.408296638,0.818345338,4.884833522,13.2179513,7.72163856,10.42221086,10.58584598,3.336188071,1.826523493,1.746762961,10.58105228
6,-6.206982613,-16.18983841,-10.35184015,-10.11206818,8.956349268,2.992716035,2.368894577,10.77575722,8.221738815,0.899701357,4.495733017,4.546362877,5.961624569,2.441643825,2.242074966,5.115978883,2.670390368,-2.33300209,0.134269989,0.710668385,2.047441446,1.430888342,0.88055855,1.437174268,-13.95254803,-17.20918083,-14.84757317,-14.68236017,0.62764712,0.792241832,0.521635532,14.8686945,5.95812881,2.878565431,4.361463028,4.225724667,1.105839933,1.051589241,1.055234641,4.486446219,14.23250961,8.16670382,10.48611014,10.28674489,2.640050603,1.624823253,1.265803993,10.6112467
6,-5.690132618,-14.19183159,-9.214868611,-8.494520187,6.274848596,2.504964789,1.490728855,9.549274952,8.719445229,1.35673058,4.736048566,5.630311966,4.959558641,2.227006655,1.964506626,5.233518382,0.624526739,-3.61076951,-1.280214499,-1.593619823,2.05907665,1.434948309,1.203589916,1.923025172,-12.4713912,-15.70409548,-13.95091718,-13.96211958,0.570589719,0.755373893,0.342173576,13.97135211,8.094918489,4.596612453,6.016263065,6.209374391,0.831321251,0.9117682,0.890129767,6.084960354,10.60499048,6.314659357,7.934654112,7.312465966,1.569127771,1.252648303,0.196211696,8.032923729
6,-5.9485569,-16.01755524,-9.79039707,-8.283952713,10.57784444,3.252359826,2.081756592,10.31647804,8.374878883,1.134197831,4.910670167,5.491527557,5.105520579,2.259539904,1.76350975,5.405571391,1.462014675,-2.737389088,-0.993945887,-1.493121266,1.204607505,1.097546129,0.55992043,1.480721423,-13.52423382,-17.15175307,-14.70106724,-14.12243938,1.149399753,1.072100626,0.509670258,14.74010779,7.379464626,3.586840868,5.904616053,6.671189308,1.795144979,1.339830205,0.461815476,6.054720119,13.30888009,6.398407936,8.796451183,7.245466724,5.560915049,2.35815925,0.717846528,9.107055971
6,-5.838487148,-18.4486618,-9.98862053,-9.078369141,13.26428801,3.642017025,2.876173019,10.63187792,8.398807526,0.050249275,5.037272358,5.778666496,5.177893263,2.275498465,1.270588398,5.527386912,3.50069952,-3.254238844,-0.290129748,-0.344566494,2.33382256,1.52768536,1.079162985,1.554991264,-12.79202986,-18.49891108,-15.02589289,-14.85703564,2.54721765,1.596000517,1.378265619,15.1104161,6.40797925,2.495713886,5.327402106,5.627919048,0.988737363,0.994352736,0.315852255,5.419405001,16.00319719,7.142575204,9.698490783,8.733802646,5.143472699,2.267922551,1.485943109,9.960130329
6,-6.094519138,-14.9527483,-9.952021144,-9.499505043,8.711817445,2.951578806,2.299501896,10.38048854,8.047062874,1.416550994,5.092687875,5.819344997,3.782660814,1.944906377,1.055234909,5.451433812,2.1272192,-2.67278266,-0.538167566,-0.940379262,1.597594602,1.26395989,1.112662509,1.373760871,-13.70369577,-16.59901094,-15.04470902,-15.31885004,1.18385694,1.088051901,1.131804824,15.08400233,7.008577824,3.780659795,5.630855441,5.879165471,0.878393655,0.937226576,0.42831558,5.708320826,12.53121161,7.707281858,9.413853578,8.559125781,3.235486445,1.798745798,0.756131053,9.584160142
6,-6.061019897,-14.27318668,-9.835207972,-9.535398483,6.299480494,2.509876589,1.919043541,10.15040868,7.601996899,1.639083385,5.316090492,5.931807041,2.886908322,1.699090439,0.770489216,5.581014821,1.658226013,-2.457428694,-0.661669827,-0.729810894,1.29957439,1.139988767,0.880558789,1.318097625,-13.58405447,-16.65643835,-15.15129846,-15.29731512,1.078705418,1.038607442,1.014557362,15.18685453,7.137789726,4.096512079,5.977760319,6.238088325,0.664653835,0.815263047,0.327816442,6.033098065,11.87079334,7.240681142,9.173538144,8.80558759,2.042803532,1.429266781,0.98584272,9.284212709
6,-5.800201893,-15.8428793,-10.32301767,-10.45902824,9.382018399,3.063008064,2.620140076,10.76785551,8.348558426,0.593420029,5.509582827,6.185446262,5.461550232,2.336995985,1.342373848,5.984735012,1.418943882,-1.825723529,-0.411021661,-0.646062136,0.79598511,0.892179976,0.531206653,0.982305409,-14.05783272,-18.34577227,-15.8326005,-15.97209072,1.075823665,1.037219198,0.847058296,15.86653908,7.393822283,2.419143558,5.920604488,6.728617311,2.537915372,1.593083605,0.435493827,6.131188537,14.02672625,6.999006033,9.911996012,9.205188632,4.995602309,2.235084408,1.505084962,10.16086941
7,1.713261008,1.540977836,1.638267756,1.674975872,0.003870491,0.062213274,0.031106591,1.639448606,9.458827019,9.217152596,9.417007945,9.420542717,0.001696988,0.041194515,0.016749382,9.417098047,-1.512263894,-1.880758524,-1.821753735,-1.835294843,0.00321803,0.056727687,0.014356971,1.822636744,-7.67617476,-7.841280222,-7.778740189,-7.752745748,0.001801384,0.042442713,0.007179022,7.778855977,11.26540864,10.97109091,11.23876168,11.25344527,0.002563932,0.050635289,0.004784942,11.23887575,-3.225524902,-3.519841909,-3.46002149,-3.488735199,0.003101193,0.055688355,0.028713942,3.460469608
7,1.715653777,1.665404558,1.691779987,1.691725612,1.45E-04,0.012034488,0.009571314,1.691822791,9.446864128,9.382257462,9.419020003,9.415757179,2.02E-04,0.014212013,0.009571075,9.419030725,-1.801795244,-1.883151412,-1.83442481,-1.832902193,3.78E-04,0.019440011,0.009571314,1.834527813,-7.714460015,-7.73360312,-7.727240015,-7.72881639,1.33E-05,0.003641143,0.002392054,7.727240873,11.27498066,11.24387395,11.25344481,11.25105178,4.92E-05,0.007013465,0.002392769,11.253447,-3.512663484,-3.54855597,-3.526204797,-3.524627686,7.10E-05,0.008428216,0.002392888,3.52621487
7,1.722832441,1.670190215,1.69498856,1.696511269,1.34E-04,0.011589455,0.007178426,1.69502818,9.461220741,9.377471924,9.412167723,9.413363457,4.61E-04,0.021465837,0.016749382,9.412192201,-1.787438512,-1.8855443,-1.840733171,-1.842473507,4.83E-04,0.021974238,0.011964202,1.840864327,-7.700103164,-7.7383883,-7.717179163,-7.716852188,1.10E-04,0.010499614,0.009570479,7.717186306,11.26301622,11.24626589,11.25290089,11.25344467,1.69E-05,0.004108617,0.002392769,11.25290164,-3.510270953,-3.555734515,-3.53572173,-3.536591887,1.13E-04,0.010616666,0.004785776,3.535737669
7,1.710868239,1.667797446,1.68797325,1.691725612,1.63E-04,0.012757862,0.009571433,1.688021462,9.446864128,9.379864693,9.41385358,9.413363457,2.70E-04,0.016416886,0.011962891,9.413867895,-1.804188132,-1.873580098,-1.844376789,-1.847258925,3.10E-04,0.017595282,0.014356732,1.844460716,-7.712067246,-7.740781665,-7.72588033,-7.726423502,2.65E-05,0.005148833,0.002392411,7.725882046,11.26301634,11.2486589,11.25823037,11.25823081,1.59E-05,0.003984394,0.002393126,11.25823107,-3.510270596,-3.541377544,-3.532350039,-3.534198999,5.20E-05,0.007212174,0.002392888,3.532357402
7,1.710868239,1.66301167,1.688190753,1.686939955,1.32E-04,0.01150379,0.007178426,1.688229947,9.446864128,9.377471924,9.413255518,9.413363457,2.15E-04,0.014670264,0.011962891,9.41326695,-1.808973908,-1.890329957,-1.856504061,-1.861616015,3.74E-04,0.019349404,0.009571195,1.856604893,-7.714460254,-7.735996127,-7.725064765,-7.726424098,1.68E-05,0.004093794,0.002392292,7.72506585,11.27737367,11.2486589,11.26975958,11.2725867,4.22E-05,0.00649863,0.002392173,11.26976145,-3.51744926,-3.555734396,-3.544694814,-3.546163201,7.84E-05,0.008853951,0.002393007,3.544705872
7,1.703689694,1.665404558,1.686015479,1.686939955,1.01E-04,0.010064567,0.007178545,1.686045518,9.44207859,9.36550808,9.410971425,9.406186104,1.84E-04,0.013554991,0.007177353,9.410981187,-1.813759446,-1.902293921,-1.856177742,-1.856830359,4.11E-04,0.020280469,0.011964083,1.85628853,-7.700103521,-7.738388896,-7.724955946,-7.726424336,3.08E-05,0.005546616,0.002392173,7.724957937,11.28694487,11.25583744,11.26714917,11.26301646,7.17E-05,0.00846553,0.002393484,11.26715235,-3.517449141,-3.567698479,-3.54219322,-3.543770194,1.09E-04,0.010454289,0.007178307,3.542208648
7,1.708475351,1.658226013,1.687864453,1.686939955,1.61E-04,0.012704889,0.011964083,1.687912268,9.437292099,9.372685432,9.410318895,9.410971642,1.74E-04,0.013198602,0.004785538,9.410328151,-1.828116417,-1.907079697,-1.86264927,-1.856830359,3.08E-04,0.017549507,0.007178545,1.862731942,-7.712067246,-7.728817821,-7.722454442,-7.721639276,2.05E-05,0.004532921,0.002394199,7.722455773,11.28455222,11.26540816,11.27296816,11.27258718,3.85E-05,0.006205263,0.004786134,11.27296987,-3.536591768,-3.56530571,-3.550513723,-3.55094862,4.20E-05,0.006478588,0.004785419,3.550519633
7,1.708475351,1.655833364,1.687701312,1.689332843,1.28E-04,0.011324595,0.007178545,1.687739306,9.449256897,9.377471924,9.413037907,9.413363457,2.19E-04,0.014808431,0.009572029,9.413049555,-1.816152334,-1.902293921,-1.858244273,-1.861616015,3.82E-04,0.019541652,0.014356971,1.858347022,-7.719245315,-7.740781546,-7.725336595,-7.724031806,1.91E-05,0.004372334,0.00239253,7.725337832,11.27976584,11.25583756,11.27128218,11.27258778,3.66E-05,0.006045937,0.004784584,11.2712838,-3.524627686,-3.558127284,-3.545945585,-3.55094862,8.32E-05,0.009123265,0.002393126,3.545957321
7,1.713261008,1.66301167,1.689822219,1.691725612,1.19E-04,0.010900802,0.007178545,1.689857378,9.444471359,9.391828537,9.416355133,9.413363457,1.49E-04,0.012223739,0.00717926,9.416363067,-1.828116417,-1.892722607,-1.867924349,-1.873580098,2.79E-04,0.016711592,0.009571195,1.867999103,-7.721637845,-7.735996127,-7.726532914,-7.726424217,9.62E-06,0.003101248,0.00239265,7.726533537,11.29173052,11.26780164,11.28427948,11.28694355,3.28E-05,0.005731254,0.002392888,11.28428094,-3.541377425,-3.570091367,-3.557746568,-3.560520053,5.91E-05,0.007685231,0.002392888,3.557754868
7,1.713261008,1.667797446,1.687701336,1.686939955,1.19E-04,0.010926917,0.009571195,1.687736709,9.434900284,9.387042999,9.411515258,9.410971642,1.33E-04,0.011530627,0.007178307,9.411522321,-1.832902193,-1.904686809,-1.868957593,-1.868794322,2.76E-04,0.01661245,0.011964202,1.869031422,-7.716852665,-7.728817463,-7.723813921,-7.724031687,1.11E-05,0.003338266,0.00239265,7.723814643,11.29172981,11.26780248,11.28047285,11.28215778,3.32E-05,0.005762197,0.002394319,11.28047432,-3.546163082,-3.572484255,-3.556658929,-3.555734396,4.07E-05,0.006376221,0.002392888,3.556664645
7,1.720439553,1.665404558,1.693955281,1.694118381,1.41E-04,0.011870193,0.007178664,1.69399687,9.434900284,9.370293617,9.408197966,9.410971642,2.02E-04,0.014201565,0.009571075,9.408208685,-1.816152334,-1.904686809,-1.871459202,-1.87118721,4.01E-04,0.020021194,0.009571314,1.871566294,-7.700102448,-7.721638441,-7.714242686,-7.714460492,1.30E-05,0.003600799,0.00239253,7.714243526,11.29412341,11.25105262,11.27965717,11.27976596,6.35E-05,0.00796803,0.002392888,11.27965998,-3.536591887,-3.579662681,-3.565414483,-3.565305591,7.75E-05,0.008805896,0.004785419,3.565425357
7,1.732403636,1.658226013,1.69841464,1.696511269,3.52E-04,0.018768999,0.014356971,1.698518344,9.714859962,9.372685432,9.414288716,9.406186104,0.002342609,0.048400504,0.011963844,9.414413133,-1.828116417,-2.067398787,-1.878148228,-1.875972986,0.001711387,0.041368908,0.021535397,1.878603777,-7.700103045,-7.982456326,-7.715874076,-7.71206677,0.001671699,0.040886415,0.002392292,7.715982404,11.54297638,11.26540875,11.29243694,11.28215909,0.002251348,0.047448372,0.011964321,11.29253663,-3.558127165,-3.7256248,-3.576562868,-3.570091367,7.02E-04,0.02648653,0.007178545,3.576660941
7,1.74197495,1.667797446,1.712499667,1.713261008,2.04E-04,0.014291278,0.007178545,1.712559299,9.446864128,9.367900848,9.400910746,9.399007797,3.24E-04,0.017997491,0.011963844,9.400927974,-1.880758524,-1.945364833,-1.90664458,-1.904686809,2.91E-04,0.017059772,0.014356971,1.9067209,-7.676174998,-7.704889178,-7.688411079,-7.6881392,4.20E-05,0.006477497,0.002393603,7.688413807,11.32762265,11.29890776,11.30755533,11.30608749,3.00E-05,0.005476007,0.00239265,11.30755665,-3.608376622,-3.627519131,-3.619144247,-3.617947817,3.11E-05,0.005576766,0.004785657,3.619148544
7,1.72761786,1.67736876,1.702275796,1.701297045,1.13E-04,0.010607191,0.007178664,1.702308844,9.427721024,9.372685432,9.398028417,9.399007797,2.37E-04,0.015392071,0.011963844,9.398041022,-1.880758524,-1.962114573,-1.922415449,-1.919043779,2.95E-04,0.017166564,0.011964083,1.922492093,-7.685746312,-7.70728159,-7.695752621,-7.697710633,3.23E-05,0.005687072,0.002393007,7.695754722,11.33719373,11.30847955,11.32044387,11.32044363,2.03E-05,0.004505492,0.002392173,11.32044476,-3.608376384,-3.651447415,-3.624691245,-3.622733474,5.97E-05,0.007724595,0.002392888,3.624699476
7,1.732403636,1.67976141,1.709182338,1.708475351,1.66E-04,0.012871404,0.009571314,1.709230803,9.415757179,9.363115311,9.39313403,9.39422226,1.86E-04,0.013626421,0.009570122,9.393143914,-1.892722607,-1.966900229,-1.92355749,-1.921436548,3.91E-04,0.019779273,0.014356852,1.923659179,-7.678568006,-7.6881392,-7.683951692,-7.683353901,4.98E-06,0.002230908,0.002391696,7.683952016,11.33001554,11.30608606,11.31669152,11.31326556,5.11E-05,0.00714934,0.002393484,11.31669378,-3.620340466,-3.646661639,-3.632739828,-3.6299119,5.60E-05,0.007485056,0.004785538,3.63274754
7,1.72761786,1.67976141,1.702112626,1.701297045,1.51E-04,0.012296063,0.009571433,1.702157039,9.422935486,9.367900848,9.396668781,9.391828537,1.97E-04,0.014040644,0.00717926,9.396679271,-1.907079697,-1.988435626,-1.933291945,-1.93340075,3.45E-04,0.018569477,0.014356971,1.933381123,-7.683353782,-7.700103283,-7.694556155,-7.695317388,1.09E-05,0.003297156,0.002392769,7.694556861,11.35633647,11.32283604,11.32996073,11.32762265,3.63E-05,0.00602519,0.002392769,11.32996233,-3.625126243,-3.668197036,-3.635404571,-3.634697676,5.84E-05,0.007645112,0.004785538,3.635412609
7,1.756331921,1.682154298,1.715055634,1.713261008,2.03E-04,0.014258029,0.007178545,1.715114899,9.422935486,9.355937004,9.392644644,9.39422226,3.13E-04,0.017686335,0.011964798,9.392661295,-1.8855443,-1.976471543,-1.939002083,-1.938186288,3.51E-04,0.018743779,0.011964202,1.939092676,-7.659425616,-7.685746789,-7.67758901,-7.680960298,5.76E-05,0.007589341,0.004785299,7.677592761,11.33719385,11.30847979,11.33164673,11.33240795,1.69E-05,0.004105701,5.96E-07,11.33164747,-3.641876221,-3.670590043,-3.654057717,-3.651447415,5.49E-05,0.007407196,0.004785657,3.654065224
7,1.763510227,1.691725612,1.710161225,1.708475351,1.72E-04,0.013111785,0.007178426,1.710211489,9.439685822,9.360722542,9.397430312,9.396614075,2.73E-04,0.016530349,0.011964798,9.39744485,-1.883151412,-1.978864312,-1.935140921,-1.93340075,3.07E-04,0.01751214,0.009571433,1.935220158,-7.66899693,-7.697710037,-7.687269086,-7.688139558,3.65E-05,0.006038088,0.002393484,7.687271458,11.34676456,11.32283723,11.33257123,11.33240795,1.44E-05,0.003796993,0.00239253,11.33257187,-3.637090445,-3.670589924,-3.645302147,-3.64426887,4.98E-05,0.007057763,0.002392888,3.645308979
7,1.737189174,1.682154298,1.709563009,1.710868239,1.62E-04,0.012738007,0.007178545,1.709610464,9.425328255,9.360722542,9.391556848,9.391828537,2.57E-04,0.016020803,0.011963844,9.391570513,-1.921436548,-2.007578135,-1.950422376,-1.95015049,2.51E-04,0.015857563,0.007178545,1.950486839,-7.673782229,-7.690532088,-7.681993839,-7.680961251,1.88E-05,0.004340663,0.002393723,7.681995066,11.36830068,11.33240807,11.34197922,11.34197903,4.24E-05,0.006513242,0.00478518,11.34198109,-3.646661639,-3.689732432,-3.659985385,-3.658625841,3.55E-05,0.00595803,0.002392769,3.659990235
